time,text,udid
2026/01/07 07:09,时间：2026/01/07 07:09周三上午，工作日，城市：西安市，POI：医疗诊所、店铺，Wifi已连接，应用记录：无,00009be2-c39b-87b9-e190-a8dd7fe48e98
2026/01/07 08:18,时间：2026/01/07 08:18周三上午，工作日，城市：西安市，前69分钟从西安市市内低速移动，Wifi未连接，应用记录：微信(聊天)共16秒，交互1次；淘宝(商城)共18秒，交互1次,00009be2-c39b-87b9-e190-a8dd7fe48e98
2026/01/07 09:02,时间：2026/01/07 09:02周三上午，工作日，城市：西安市，Wifi未连接，应用记录：无,00009be2-c39b-87b9-e190-a8dd7fe48e98
2026/01/07 09:48,时间：2026/01/07 09:48周三上午，工作日，城市：西安市，Wifi未连接，应用记录：无,00009be2-c39b-87b9-e190-a8dd7fe48e98
2026/01/07 12:38,时间：2026/01/07 12:38周三下午，工作日，城市：西安市，Wifi未连接，应用记录：微信共2秒，交互1次；输入法(系统)共3秒，交互1次；抖音共5秒，交互3次,00009be2-c39b-87b9-e190-a8dd7fe48e98
2026/01/07 13:42,时间：2026/01/07 13:42周三下午，工作日，城市：西安市，Wifi未连接，应用记录：抖音共2秒，交互2次；计算器(工具)共48秒，交互1次,00009be2-c39b-87b9-e190-a8dd7fe48e98
2026/01/07 16:40,时间：2026/01/07 16:40周三下午，工作日，城市：西安市，Wifi未连接，应用记录：微信共5秒，交互3次；输入法共2秒，交互7次,00009be2-c39b-87b9-e190-a8dd7fe48e98
2026/01/07 21:28,时间：2026/01/07 21:28周三晚上，工作日，城市：西安市，前289分钟从西安市市内低速移动，Wifi已连接，应用记录：无,00009be2-c39b-87b9-e190-a8dd7fe48e98
2026/01/08 14:35,时间：2026/01/08 14:35周四下午，工作日，城市：西安市，前1026分钟从西安市市内低速移动，Wifi未连接，应用记录：无,00009be2-c39b-87b9-e190-a8dd7fe48e98
2026/01/08 15:57,时间：2026/01/08 15:57周四下午，工作日，城市：西安市，Wifi未连接，应用记录：微信共3秒，交互2次,00009be2-c39b-87b9-e190-a8dd7fe48e98
2026/01/08 22:29,时间：2026/01/08 22:29周四晚上，工作日，城市：西安市，前392分钟从西安市市内低速移动，Wifi已连接，应用记录：无,00009be2-c39b-87b9-e190-a8dd7fe48e98
2026/01/09 07:19,时间：2026/01/09 07:19周五上午，工作日，城市：西安市，Wifi未连接，应用记录：无,00009be2-c39b-87b9-e190-a8dd7fe48e98
2026/01/09 08:08,时间：2026/01/09 08:08周五上午，工作日，城市：西安市，前50分钟从西安市市内低速移动，Wifi未连接，应用记录：微信(聊天)共28秒，交互1次,00009be2-c39b-87b9-e190-a8dd7fe48e98
2026/01/09 08:25,时间：2026/01/09 08:25周五上午，工作日，城市：西安市，Wifi未连接，应用记录：微信共2秒，交互2次；输入法(系统)共37秒，交互2次,00009be2-c39b-87b9-e190-a8dd7fe48e98
2026/01/09 12:05,时间：2026/01/09 12:05周五下午，工作日，城市：西安市，Wifi未连接，应用记录：无,00009be2-c39b-87b9-e190-a8dd7fe48e98
2026/01/09 14:59,时间：2026/01/09 14:59周五下午，工作日，城市：西安市，Wifi未连接，应用记录：微信(聊天)共26秒，交互2次；输入法(系统)共23秒，交互2次；盒马(生鲜)共37秒，交互1次,00009be2-c39b-87b9-e190-a8dd7fe48e98
2026/01/09 16:58,时间：2026/01/09 16:58周五下午，工作日，城市：西安市，Wifi未连接，应用记录：输入法(系统)共45秒，交互3次；微信(聊天)共38秒，交互2次,00009be2-c39b-87b9-e190-a8dd7fe48e98
2026/01/09 18:21,时间：2026/01/09 18:21周五晚上，工作日，城市：西安市，POI：餐厅、旅游景点，前83分钟从西安市市内低速移动，Wifi未连接，应用记录：抖音(短视频)共48秒，交互1次,00009be2-c39b-87b9-e190-a8dd7fe48e98
2026/01/09 18:41,时间：2026/01/09 18:41周五晚上，工作日，城市：西安市，POI：旅游景点，Wifi未连接，应用记录：抖音共2秒，交互1次,00009be2-c39b-87b9-e190-a8dd7fe48e98
2026/01/09 18:59,时间：2026/01/09 18:59周五晚上，工作日，城市：西安市，前18分钟从西安市市内低速移动，Wifi已连接，应用记录：淘宝(商城)共37秒，交互1次；抖音共9秒，交互4次,00009be2-c39b-87b9-e190-a8dd7fe48e98
2026/01/09 19:22,时间：2026/01/09 19:22周五晚上，工作日，城市：西安市，Wifi已连接，应用记录：抖音共31秒，交互2次；微信(聊天)共23秒，交互2次；输入法(系统)共8秒，交互1次,00009be2-c39b-87b9-e190-a8dd7fe48e98
2026/01/09 20:01,时间：2026/01/09 20:01周五晚上，工作日，城市：西安市，Wifi已连接，应用记录：无,00009be2-c39b-87b9-e190-a8dd7fe48e98
2026/01/10 08:21,时间：2026/01/10 08:21周六上午，休息日，城市：西安市，Wifi已连接，应用记录：无,00009be2-c39b-87b9-e190-a8dd7fe48e98
2026/01/10 14:11,时间：2026/01/10 14:11周六下午，休息日，城市：安康市，前350分钟从西安市跨城市低速移动，Wifi未连接，应用记录：相机共2秒，交互1次；微信共3秒，交互1次；输入法共1秒，交互2次；优酷视频共11秒，交互1次,00009be2-c39b-87b9-e190-a8dd7fe48e98
2026/01/10 15:42,时间：2026/01/10 15:42周六下午，休息日，城市：安康市，POI：购物中心，前91分钟从安康市市内低速移动，Wifi未连接，应用记录：无,00009be2-c39b-87b9-e190-a8dd7fe48e98
2026/01/10 16:06,时间：2026/01/10 16:06周六下午，休息日，城市：安康市，POI：购物中心，Wifi未连接，应用记录：无,00009be2-c39b-87b9-e190-a8dd7fe48e98
2026/01/10 18:20,时间：2026/01/10 18:20周六晚上，休息日，城市：安康市，POI：公园及休憩用地、购物中心，Wifi未连接，应用记录：微信共3秒，交互1次；输入法共1秒，交互3次,00009be2-c39b-87b9-e190-a8dd7fe48e98
2026/01/11 14:04,时间：2026/01/11 14:04周日下午，休息日，城市：安康市，POI：高铁站，前1184分钟从安康市市内低速移动，Wifi未连接，应用记录：输入法(系统)共6秒，交互1次,00009be2-c39b-87b9-e190-a8dd7fe48e98
2026/01/11 15:03,时间：2026/01/11 15:03周日下午，休息日，城市：安康市，POI：高铁站，Wifi未连接，应用记录：无,00009be2-c39b-87b9-e190-a8dd7fe48e98
2026/01/11 17:10,时间：2026/01/11 17:10周日下午，休息日，城市：西安市，POI：高铁站、旅游景点、公园及休憩用地，前127分钟从安康市跨城市高速移动，Wifi未连接，应用记录：无,00009be2-c39b-87b9-e190-a8dd7fe48e98
2026/01/11 17:31,时间：2026/01/11 17:31周日下午，休息日，城市：西安市，POI：酒店旅馆、便利店、高铁站、旅游景点，Wifi未连接，应用记录：抖音共4秒，交互2次；通话应用(系统)共57秒，交互1次,00009be2-c39b-87b9-e190-a8dd7fe48e98
2026/01/11 18:03,时间：2026/01/11 18:03周日晚上，休息日，城市：西安市，前32分钟从西安市市内低速移动，Wifi未连接，应用记录：无,00009be2-c39b-87b9-e190-a8dd7fe48e98
2026/01/11 18:38,时间：2026/01/11 18:38周日晚上，休息日，城市：西安市，前34分钟从西安市市内低速移动，Wifi已连接，应用记录：抖音共10秒，交互2次；计算器(工具)共12秒，交互1次,00009be2-c39b-87b9-e190-a8dd7fe48e98
2026/01/11 19:02,时间：2026/01/11 19:02周日晚上，休息日，城市：西安市，前24分钟从西安市市内低速移动，Wifi已连接，应用记录：无,00009be2-c39b-87b9-e190-a8dd7fe48e98
2026/01/11 20:08,时间：2026/01/11 20:08周日晚上，休息日，城市：西安市，Wifi已连接，应用记录：无,00009be2-c39b-87b9-e190-a8dd7fe48e98
2026/01/11 20:51,时间：2026/01/11 20:51周日晚上，休息日，城市：西安市，Wifi已连接，应用记录：无,00009be2-c39b-87b9-e190-a8dd7fe48e98
2026/01/12 06:50,时间：2026/01/12 06:50周一上午，工作日，城市：西安市，Wifi已连接，应用记录：抖音共16秒，交互2次；优酷视频(视频)共8秒，交互1次；天气(工具)共14秒，交互1次,00009be2-c39b-87b9-e190-a8dd7fe48e98
2026/01/12 08:16,时间：2026/01/12 08:16周一上午，工作日，城市：西安市，前87分钟从西安市市内低速移动，Wifi未连接，应用记录：微信共3秒，交互4次；输入法(系统)共5秒，交互1次,00009be2-c39b-87b9-e190-a8dd7fe48e98
2026/01/12 09:25,时间：2026/01/12 09:25周一上午，工作日，城市：西安市，Wifi未连接，应用记录：日历共1秒，交互2次；QQ(聊天)共5秒，交互1次；微信共1秒，交互3次,00009be2-c39b-87b9-e190-a8dd7fe48e98
2026/01/12 10:06,时间：2026/01/12 10:06周一上午，工作日，城市：西安市，Wifi未连接，应用记录：无,00009be2-c39b-87b9-e190-a8dd7fe48e98
2026/01/23 09:53,时间：2026/01/23 09:53周五上午，工作日，城市：西安市，Wifi未连接，应用记录：微信共1秒，交互2次；抖音共7秒，交互1次,00009be2-c39b-87b9-e190-a8dd7fe48e98
2026/01/07 12:20,时间：2026/01/07 12:20周三下午，工作日，城市：苏州市，POI：旅游景点，Wifi已连接，应用记录：无,00c7351d-853f-0840-8eab-c7ae267702ec
2026/01/07 16:23,时间：2026/01/07 16:23周三下午，工作日，城市：苏州市，POI：旅游景点，Wifi已连接，应用记录：无,00c7351d-853f-0840-8eab-c7ae267702ec
2026/01/07 22:09,时间：2026/01/07 22:09周三晚上，工作日，城市：苏州市，前346分钟从苏州市市内低速移动，Wifi已连接，应用记录：无,00c7351d-853f-0840-8eab-c7ae267702ec
2026/01/08 12:19,时间：2026/01/08 12:19周四下午，工作日，城市：苏州市，Wifi已连接，应用记录：输入法(系统)共11秒，交互2次；微信(聊天)共3秒，交互1次,00c7351d-853f-0840-8eab-c7ae267702ec
2026/01/08 13:19,时间：2026/01/08 13:19周四下午，工作日，城市：苏州市，前60分钟从苏州市市内低速移动，Wifi未连接，应用记录：无,00c7351d-853f-0840-8eab-c7ae267702ec
2026/01/09 13:29,时间：2026/01/09 13:29周五下午，工作日，城市：上海市，POI：机场，前1449分钟从苏州市跨城市低速移动，Wifi未连接，应用记录：微信共3秒，交互7次；手机百度共1秒，交互1次,00c7351d-853f-0840-8eab-c7ae267702ec
2026/01/09 17:25,时间：2026/01/09 17:25周五下午，工作日，城市：咸阳市，POI：机场，前236分钟从上海市跨城市高速移动，Wifi未连接，应用记录：输入法共2秒，交互7次；微信共5秒，交互9次；抖音(短视频)共8秒，交互2次；相机(相机)共5秒，交互1次,00c7351d-853f-0840-8eab-c7ae267702ec
2026/01/11 06:58,时间：2026/01/11 06:58周日上午，休息日，城市：西安市，POI：酒店旅馆，前2253分钟从咸阳市跨城市低速移动，Wifi未连接，应用记录：微信共9秒，交互6次；通话应用共1秒，交互2次；输入法(系统)共34秒，交互3次,00c7351d-853f-0840-8eab-c7ae267702ec
2026/01/11 08:55,时间：2026/01/11 08:55周日上午，休息日，城市：西安市，Wifi未连接，应用记录：微信(聊天)共55秒，交互3次；输入法(系统)共2秒，交互1次；知乎共8秒，交互2次,00c7351d-853f-0840-8eab-c7ae267702ec
2026/01/11 11:39,时间：2026/01/11 11:39周日上午，休息日，城市：西安市，Wifi未连接，应用记录：微信共8秒，交互8次；输入法共2秒，交互3次；日历(日历)共5秒，交互1次；抖音(短视频)共8秒，交互2次,00c7351d-853f-0840-8eab-c7ae267702ec
2026/01/11 15:39,时间：2026/01/11 15:39周日下午，休息日，城市：西安市，Wifi已连接，应用记录：输入法(系统)共45秒，交互2次；抖音共11秒，交互2次；微信共2秒，交互2次,00c7351d-853f-0840-8eab-c7ae267702ec
2026/01/11 22:00,时间：2026/01/11 22:00周日晚上，休息日，城市：西安市，Wifi已连接，应用记录：无,00c7351d-853f-0840-8eab-c7ae267702ec
2026/01/12 08:03,时间：2026/01/12 08:03周一上午，工作日，城市：西安市，Wifi已连接，应用记录：无,00c7351d-853f-0840-8eab-c7ae267702ec
2026/01/13 10:36,时间：2026/01/13 10:36周二上午，工作日，城市：苏州市，POI：购物中心、市场，前1593分钟从西安市跨城市高速移动，Wifi未连接，应用记录：微信共5秒，交互9次；输入法(系统)共19秒，交互1次；通话应用共2秒，交互1次,00c7351d-853f-0840-8eab-c7ae267702ec
2026/01/16 21:03,时间：2026/01/16 21:03周五晚上，工作日，城市：苏州市，POI：医疗保健、便利店、市场、店铺，Wifi已连接，应用记录：无,00c7351d-853f-0840-8eab-c7ae267702ec
2026/01/19 18:34,时间：2026/01/19 18:34周一晚上，工作日，城市：苏州市，Wifi已连接，应用记录：微信(聊天)共52秒，交互3次；输入法共2秒，交互4次；抖音共16秒，交互4次,00c7351d-853f-0840-8eab-c7ae267702ec
2026/01/20 08:13,时间：2026/01/20 08:13周二上午，工作日，城市：苏州市，Wifi已连接，应用记录：输入法(系统)共2秒，交互1次,00c7351d-853f-0840-8eab-c7ae267702ec
2026/01/20 20:21,时间：2026/01/20 20:21周二晚上，工作日，城市：苏州市，Wifi已连接，应用记录：抖音共12秒，交互5次；微信共8秒，交互4次；输入法共4秒，交互5次,00c7351d-853f-0840-8eab-c7ae267702ec
2026/01/21 17:26,时间：2026/01/21 17:26周三下午，工作日，城市：苏州市，Wifi已连接，应用记录：无,00c7351d-853f-0840-8eab-c7ae267702ec
2026/01/22 10:33,时间：2026/01/22 10:33周四上午，工作日，城市：苏州市，Wifi已连接，应用记录：输入法(系统)共46秒，交互1次,00c7351d-853f-0840-8eab-c7ae267702ec
2026/01/22 14:21,时间：2026/01/22 14:21周四下午，工作日，城市：苏州市，前228分钟从苏州市市内低速移动，Wifi未连接，应用记录：抖音(短视频)共47秒，交互1次；微信(聊天)共33秒，交互5次；输入法(系统)共9秒，交互1次,00c7351d-853f-0840-8eab-c7ae267702ec
2026/01/22 17:48,时间：2026/01/22 17:48周四下午，工作日，城市：苏州市，前207分钟从苏州市市内低速移动，Wifi未连接，应用记录：无,00c7351d-853f-0840-8eab-c7ae267702ec
2026/01/07 01:28,时间：2026/01/07 01:28周三凌晨，工作日，城市：张家口市，Wifi已连接，应用记录：手机百度(工具)共35秒，交互2次,0001050d-08f0-7cfa-bfce-e4e948568e39
2026/01/07 03:45,时间：2026/01/07 03:45周三凌晨，工作日，城市：张家口市，Wifi已连接，应用记录：无,0001050d-08f0-7cfa-bfce-e4e948568e39
2026/01/07 09:03,时间：2026/01/07 09:03周三上午，工作日，城市：张家口市，Wifi已连接，应用记录：无,0001050d-08f0-7cfa-bfce-e4e948568e39
2026/01/07 09:23,时间：2026/01/07 09:23周三上午，工作日，城市：张家口市，Wifi已连接，应用记录：通话应用(系统)共46秒，交互1次,0001050d-08f0-7cfa-bfce-e4e948568e39
2026/01/07 11:55,时间：2026/01/07 11:55周三上午，工作日，城市：张家口市，POI：便利店、餐厅、公园及休憩用地，前153分钟从张家口市市内低速移动，Wifi未连接，应用记录：微信共7秒，交互3次,0001050d-08f0-7cfa-bfce-e4e948568e39
2026/01/07 12:54,时间：2026/01/07 12:54周三下午，工作日，城市：北京市，POI：便利店、餐厅，前58分钟从张家口市跨城市高速移动，Wifi未连接，应用记录：微信共2秒，交互1次；高德地图共22秒，交互1次,0001050d-08f0-7cfa-bfce-e4e948568e39
2026/01/07 13:27,时间：2026/01/07 13:27周三下午，工作日，城市：北京市，前33分钟从北京市市内低速移动，Wifi未连接，应用记录：微信共1秒，交互3次,0001050d-08f0-7cfa-bfce-e4e948568e39
2026/01/07 13:53,时间：2026/01/07 13:53周三下午，工作日，城市：北京市，前26分钟从北京市市内低速移动，Wifi未连接，应用记录：无,0001050d-08f0-7cfa-bfce-e4e948568e39
2026/01/07 14:36,时间：2026/01/07 14:36周三下午，工作日，城市：北京市，Wifi未连接，应用记录：无,0001050d-08f0-7cfa-bfce-e4e948568e39
2026/01/07 16:08,时间：2026/01/07 16:08周三下午，工作日，城市：北京市，前92分钟从北京市市内低速移动，Wifi未连接，应用记录：输入法共2秒，交互6次；华为浏览器共7秒，交互1次,0001050d-08f0-7cfa-bfce-e4e948568e39
2026/01/07 19:38,时间：2026/01/07 19:38周三晚上，工作日，城市：张家口市，前210分钟从北京市跨城市低速移动，Wifi已连接，应用记录：无,0001050d-08f0-7cfa-bfce-e4e948568e39
2026/01/07 19:53,时间：2026/01/07 19:53周三晚上，工作日，城市：张家口市，Wifi已连接，应用记录：微信共6秒，交互2次；抖音共8秒，交互1次,0001050d-08f0-7cfa-bfce-e4e948568e39
2026/01/07 21:34,时间：2026/01/07 21:34周三晚上，工作日，城市：张家口市，Wifi已连接，应用记录：无,0001050d-08f0-7cfa-bfce-e4e948568e39
2026/01/08 08:09,时间：2026/01/08 08:09周四上午，工作日，城市：张家口市，Wifi已连接，应用记录：无,0001050d-08f0-7cfa-bfce-e4e948568e39
2026/01/08 11:36,时间：2026/01/08 11:36周四上午，工作日，城市：张家口市，POI：购物中心，前207分钟从张家口市市内低速移动，Wifi未连接，应用记录：输入法(系统)共32秒，交互3次；通话应用(系统)共46秒，交互1次；微信共11秒，交互2次,0001050d-08f0-7cfa-bfce-e4e948568e39
2026/01/08 12:00,时间：2026/01/08 12:00周四下午，工作日，城市：张家口市，前23分钟从张家口市市内低速移动，Wifi未连接，应用记录：无,0001050d-08f0-7cfa-bfce-e4e948568e39
2026/01/08 15:57,时间：2026/01/08 15:57周四下午，工作日，城市：张家口市，POI：餐厅，前238分钟从张家口市市内低速移动，Wifi未连接，应用记录：无,0001050d-08f0-7cfa-bfce-e4e948568e39
2026/01/08 20:20,时间：2026/01/08 20:20周四晚上，工作日，城市：张家口市，POI：市场、餐厅，Wifi已连接，应用记录：无,0001050d-08f0-7cfa-bfce-e4e948568e39
2026/01/08 22:53,时间：2026/01/08 22:53周四晚上，工作日，城市：张家口市，POI：市场、餐厅，Wifi已连接，应用记录：输入法共2秒，交互3次,0001050d-08f0-7cfa-bfce-e4e948568e39
2026/01/09 06:28,时间：2026/01/09 06:28周五上午，工作日，城市：张家口市，POI：市场、餐厅，Wifi已连接，应用记录：无,0001050d-08f0-7cfa-bfce-e4e948568e39
2026/01/09 09:19,时间：2026/01/09 09:19周五上午，工作日，城市：张家口市，POI：市场、餐厅，前172分钟从张家口市市内低速移动，Wifi未连接，应用记录：无,0001050d-08f0-7cfa-bfce-e4e948568e39
2026/01/09 11:44,时间：2026/01/09 11:44周五上午，工作日，城市：张家口市，POI：医院，前145分钟从张家口市市内低速移动，Wifi已连接，应用记录：抖音(短视频)共59秒，交互2次；通话应用(系统)共3秒，交互1次；微信共2秒，交互4次,0001050d-08f0-7cfa-bfce-e4e948568e39
2026/01/09 13:07,时间：2026/01/09 13:07周五下午，工作日，城市：张家口市，POI：医院，Wifi已连接，应用记录：输入法(系统)共13秒，交互1次,0001050d-08f0-7cfa-bfce-e4e948568e39
2026/01/09 15:08,时间：2026/01/09 15:08周五下午，工作日，城市：张家口市，Wifi已连接，应用记录：微信共7秒，交互1次,0001050d-08f0-7cfa-bfce-e4e948568e39
2026/01/09 15:53,时间：2026/01/09 15:53周五下午，工作日，城市：张家口市，Wifi已连接，应用记录：微信(聊天)共40秒，交互1次,0001050d-08f0-7cfa-bfce-e4e948568e39
2026/01/09 16:26,时间：2026/01/09 16:26周五下午，工作日，城市：张家口市，Wifi已连接，应用记录：输入法(系统)共7秒，交互1次,0001050d-08f0-7cfa-bfce-e4e948568e39
2026/01/09 16:41,时间：2026/01/09 16:41周五下午，工作日，城市：张家口市，Wifi已连接，应用记录：华为浏览器共5秒，交互4次；输入法(系统)共31秒，交互2次；微信共6秒，交互1次,0001050d-08f0-7cfa-bfce-e4e948568e39
2026/01/09 17:43,时间：2026/01/09 17:43周五下午，工作日，城市：张家口市，Wifi已连接，应用记录：微信共9秒，交互3次,0001050d-08f0-7cfa-bfce-e4e948568e39
2026/01/09 18:06,时间：2026/01/09 18:06周五晚上，工作日，城市：张家口市，Wifi已连接，应用记录：无,0001050d-08f0-7cfa-bfce-e4e948568e39
2026/01/09 18:33,时间：2026/01/09 18:33周五晚上，工作日，城市：张家口市，Wifi已连接，应用记录：微信(聊天)共23秒，交互2次；有看头(视频)共31秒，交互1次,0001050d-08f0-7cfa-bfce-e4e948568e39
2026/01/09 19:41,时间：2026/01/09 19:41周五晚上，工作日，城市：张家口市，Wifi已连接，应用记录：微信共1秒，交互3次；抖音共8秒，交互2次,0001050d-08f0-7cfa-bfce-e4e948568e39
2026/01/09 21:14,时间：2026/01/09 21:14周五晚上，工作日，城市：张家口市，Wifi已连接，应用记录：无,0001050d-08f0-7cfa-bfce-e4e948568e39
2026/01/10 06:30,时间：2026/01/10 06:30周六上午，休息日，城市：张家口市，Wifi已连接，应用记录：腾讯会议(效率)共2秒，交互1次；微信共7秒，交互1次,0001050d-08f0-7cfa-bfce-e4e948568e39
2026/01/10 09:36,时间：2026/01/10 09:36周六上午，休息日，城市：张家口市，Wifi已连接，应用记录：微信共3秒，交互1次；输入法(系统)共44秒，交互2次；应用市场(工具)共7秒，交互2次；京东共1秒，交互1次；抖音(短视频)共4秒，交互1次,0001050d-08f0-7cfa-bfce-e4e948568e39
2026/01/10 14:34,时间：2026/01/10 14:34周六下午，休息日，城市：张家口市，POI：酒店旅馆、餐厅，Wifi未连接，应用记录：无,0001050d-08f0-7cfa-bfce-e4e948568e39
2026/01/10 18:48,时间：2026/01/10 18:48周六晚上，休息日，城市：张家口市，POI：酒店旅馆、餐厅，Wifi已连接，应用记录：输入法(系统)共9秒，交互1次；微信共3秒，交互2次,0001050d-08f0-7cfa-bfce-e4e948568e39
2026/01/10 21:10,时间：2026/01/10 21:10周六晚上，休息日，城市：张家口市，Wifi已连接，应用记录：无,0001050d-08f0-7cfa-bfce-e4e948568e39
2026/01/10 21:57,时间：2026/01/10 21:57周六晚上，休息日，城市：张家口市，Wifi已连接，应用记录：无,0001050d-08f0-7cfa-bfce-e4e948568e39
2026/01/11 07:37,时间：2026/01/11 07:37周日上午，休息日，城市：张家口市，Wifi已连接，应用记录：输入法(系统)共10秒，交互1次,0001050d-08f0-7cfa-bfce-e4e948568e39
2026/01/11 10:36,时间：2026/01/11 10:36周日上午，休息日，城市：张家口市，前180分钟从张家口市市内低速移动，Wifi未连接，应用记录：无,0001050d-08f0-7cfa-bfce-e4e948568e39
2026/01/11 13:20,时间：2026/01/11 13:20周日下午，休息日，城市：张家口市，前164分钟从张家口市市内低速移动，Wifi已连接，应用记录：无,0001050d-08f0-7cfa-bfce-e4e948568e39
2026/01/11 16:54,时间：2026/01/11 16:54周日下午，休息日，城市：张家口市，前214分钟从张家口市市内低速移动，Wifi未连接，应用记录：无,0001050d-08f0-7cfa-bfce-e4e948568e39
2026/01/11 17:43,时间：2026/01/11 17:43周日下午，休息日，城市：张家口市，前49分钟从张家口市市内低速移动，Wifi未连接，应用记录：语音助手(系统)共21秒，交互1次,0001050d-08f0-7cfa-bfce-e4e948568e39
2026/01/11 18:04,时间：2026/01/11 18:04周日晚上，休息日，城市：张家口市，前20分钟从张家口市市内低速移动，Wifi已连接，应用记录：无,0001050d-08f0-7cfa-bfce-e4e948568e39
2026/01/11 19:10,时间：2026/01/11 19:10周日晚上，休息日，城市：张家口市，Wifi已连接，应用记录：无,0001050d-08f0-7cfa-bfce-e4e948568e39
2026/01/11 22:41,时间：2026/01/11 22:41周日晚上，休息日，城市：张家口市，Wifi已连接，应用记录：无,0001050d-08f0-7cfa-bfce-e4e948568e39
2026/01/11 23:56,时间：2026/01/11 23:56周日晚上，休息日，城市：张家口市，Wifi已连接，应用记录：微信共4秒，交互1次,0001050d-08f0-7cfa-bfce-e4e948568e39
2026/01/12 09:38,时间：2026/01/12 09:38周一上午，工作日，城市：张家口市，Wifi已连接，应用记录：无,0001050d-08f0-7cfa-bfce-e4e948568e39
2026/01/12 11:15,时间：2026/01/12 11:15周一上午，工作日，城市：张家口市，前97分钟从张家口市市内低速移动，Wifi未连接，应用记录：语音助手(系统)共40秒，交互1次；输入法(系统)共9秒，交互1次,0001050d-08f0-7cfa-bfce-e4e948568e39
2026/01/12 14:59,时间：2026/01/12 14:59周一下午，工作日，城市：张家口市，前224分钟从张家口市市内低速移动，Wifi未连接，应用记录：通话应用共2秒，交互1次；微信共2秒，交互2次；相机(相机)共29秒，交互1次,0001050d-08f0-7cfa-bfce-e4e948568e39
2026/01/12 17:42,时间：2026/01/12 17:42周一下午，工作日，城市：张家口市，POI：汽车经销商，前163分钟从张家口市市内低速移动，Wifi未连接，应用记录：交管12123共2秒，交互2次；输入法(系统)共3秒，交互1次；通话应用共1秒，交互1次；微信共3秒，交互2次,0001050d-08f0-7cfa-bfce-e4e948568e39
2026/01/12 18:56,时间：2026/01/12 18:56周一晚上，工作日，城市：张家口市，POI：酒店旅馆，前74分钟从张家口市市内低速移动，Wifi已连接，应用记录：微信(聊天)共20秒，交互1次；抖音(短视频)共9秒，交互1次；懂车帝共4秒，交互2次；输入法(系统)共3秒，交互1次,0001050d-08f0-7cfa-bfce-e4e948568e39
2026/01/12 19:40,时间：2026/01/12 19:40周一晚上，工作日，城市：张家口市，POI：酒店旅馆，Wifi已连接，应用记录：微信共8秒，交互2次,0001050d-08f0-7cfa-bfce-e4e948568e39
2026/01/12 19:56,时间：2026/01/12 19:56周一晚上，工作日，城市：张家口市，POI：酒店旅馆，Wifi已连接，应用记录：微信共8秒，交互3次；输入法(系统)共30秒，交互1次,0001050d-08f0-7cfa-bfce-e4e948568e39
2026/01/12 21:12,时间：2026/01/12 21:12周一晚上，工作日，城市：张家口市，POI：酒店旅馆，前76分钟从张家口市市内低速移动，Wifi未连接，应用记录：无,0001050d-08f0-7cfa-bfce-e4e948568e39
2026/01/12 22:01,时间：2026/01/12 22:01周一晚上，工作日，城市：张家口市，前49分钟从张家口市市内低速移动，Wifi已连接，应用记录：无,0001050d-08f0-7cfa-bfce-e4e948568e39
2026/01/13 07:20,时间：2026/01/13 07:20周二上午，工作日，城市：张家口市，Wifi已连接，应用记录：微信共2秒，交互2次；中国农业银行共1秒，交互1次；有看头(视频)共45秒，交互1次,0001050d-08f0-7cfa-bfce-e4e948568e39
2026/01/13 08:06,时间：2026/01/13 08:06周二上午，工作日，城市：张家口市，Wifi已连接，应用记录：无,0001050d-08f0-7cfa-bfce-e4e948568e39
2026/01/13 11:30,时间：2026/01/13 11:30周二上午，工作日，城市：张家口市，POI：便利店，Wifi已连接，应用记录：通话应用(系统)共46秒，交互1次,0001050d-08f0-7cfa-bfce-e4e948568e39
2026/01/13 13:55,时间：2026/01/13 13:55周二下午，工作日，城市：张家口市，POI：便利店，Wifi已连接，应用记录：无,0001050d-08f0-7cfa-bfce-e4e948568e39
2026/01/13 15:40,时间：2026/01/13 15:40周二下午，工作日，城市：张家口市，POI：便利店，前105分钟从张家口市市内低速移动，Wifi未连接，应用记录：通话应用(系统)共46秒，交互1次；微信(聊天)共42秒，交互1次,0001050d-08f0-7cfa-bfce-e4e948568e39
2026/01/13 17:04,时间：2026/01/13 17:04周二下午，工作日，城市：张家口市，POI：便利店，前84分钟从张家口市市内低速移动，Wifi已连接，应用记录：无,0001050d-08f0-7cfa-bfce-e4e948568e39
2026/01/13 18:05,时间：2026/01/13 18:05周二晚上，工作日，城市：张家口市，POI：便利店，Wifi已连接，应用记录：抖音共1秒，交互1次；微信共3秒，交互1次,0001050d-08f0-7cfa-bfce-e4e948568e39
2026/01/13 19:19,时间：2026/01/13 19:19周二晚上，工作日，城市：张家口市，POI：便利店，Wifi已连接，应用记录：微信共3秒，交互3次；抖音共6秒，交互2次,0001050d-08f0-7cfa-bfce-e4e948568e39
2026/01/13 19:38,时间：2026/01/13 19:38周二晚上，工作日，城市：张家口市，POI：便利店，Wifi已连接，应用记录：抖音共6秒，交互1次；通话应用共3秒，交互2次；微信共4秒，交互6次,0001050d-08f0-7cfa-bfce-e4e948568e39
2026/01/13 19:59,时间：2026/01/13 19:59周二晚上，工作日，城市：张家口市，POI：便利店，Wifi已连接，应用记录：计算器共2秒，交互3次；微信共4秒，交互5次,0001050d-08f0-7cfa-bfce-e4e948568e39
2026/01/13 21:56,时间：2026/01/13 21:56周二晚上，工作日，城市：张家口市，POI：便利店，Wifi已连接，应用记录：微信(聊天)共35秒，交互2次；抖音共6秒，交互1次；输入法(系统)共31秒，交互1次,0001050d-08f0-7cfa-bfce-e4e948568e39
2026/01/13 23:58,时间：2026/01/13 23:58周二晚上，工作日，城市：张家口市，POI：便利店，Wifi已连接，应用记录：无,0001050d-08f0-7cfa-bfce-e4e948568e39
2026/01/14 21:13,时间：2026/01/14 21:13周三晚上，工作日，城市：张家口市，POI：餐厅，前1276分钟从张家口市市内低速移动，Wifi已连接，应用记录：无,0001050d-08f0-7cfa-bfce-e4e948568e39
2026/01/14 22:39,时间：2026/01/14 22:39周三晚上，工作日，城市：张家口市，POI：餐厅，Wifi已连接，应用记录：无,0001050d-08f0-7cfa-bfce-e4e948568e39
2026/01/15 17:31,时间：2026/01/15 17:31周四下午，工作日，城市：张家口市，POI：餐厅，Wifi未连接，应用记录：微信共6秒，交互1次,0001050d-08f0-7cfa-bfce-e4e948568e39
2026/01/15 21:04,时间：2026/01/15 21:04周四晚上，工作日，城市：张家口市，Wifi已连接，应用记录：输入法(系统)共40秒，交互1次,0001050d-08f0-7cfa-bfce-e4e948568e39
2026/01/16 11:49,时间：2026/01/16 11:49周五上午，工作日，城市：北京市，前884分钟从张家口市跨城市低速移动，Wifi未连接，应用记录：微信共5秒，交互7次；通话应用(系统)共6秒，交互1次,0001050d-08f0-7cfa-bfce-e4e948568e39
2026/01/16 12:21,时间：2026/01/16 12:21周五下午，工作日，城市：北京市，前33分钟从北京市市内低速移动，Wifi未连接，应用记录：中国农业银行(银行)共50秒，交互2次；微信共4秒，交互4次,0001050d-08f0-7cfa-bfce-e4e948568e39
2026/01/16 19:09,时间：2026/01/16 19:09周五晚上，工作日，城市：张家口市，前408分钟从北京市跨城市低速移动，Wifi未连接，应用记录：无,0001050d-08f0-7cfa-bfce-e4e948568e39
2026/01/16 19:55,时间：2026/01/16 19:55周五晚上，工作日，城市：张家口市，前46分钟从张家口市市内低速移动，Wifi已连接，应用记录：微信共11秒，交互1次；输入法共9秒，交互3次,0001050d-08f0-7cfa-bfce-e4e948568e39
2026/01/16 20:37,时间：2026/01/16 20:37周五晚上，工作日，城市：张家口市，Wifi已连接，应用记录：微信共10秒，交互3次；输入法(系统)共33秒，交互3次,0001050d-08f0-7cfa-bfce-e4e948568e39
2026/01/16 21:47,时间：2026/01/16 21:47周五晚上，工作日，城市：张家口市，Wifi已连接，应用记录：无,0001050d-08f0-7cfa-bfce-e4e948568e39
2026/01/19 05:08,时间：2026/01/19 05:08周一凌晨，工作日，城市：张家口市，前3321分钟从张家口市市内低速移动，Wifi已连接，应用记录：无,0001050d-08f0-7cfa-bfce-e4e948568e39
2026/01/19 16:09,时间：2026/01/19 16:09周一下午，工作日，城市：张家口市，POI：购物中心，前661分钟从张家口市市内低速移动，Wifi未连接，应用记录：输入法(系统)共57秒，交互3次,0001050d-08f0-7cfa-bfce-e4e948568e39
2026/01/19 20:42,时间：2026/01/19 20:42周一晚上，工作日，城市：张家口市，前273分钟从张家口市市内低速移动，Wifi已连接，应用记录：无,0001050d-08f0-7cfa-bfce-e4e948568e39
2026/01/20 08:47,时间：2026/01/20 08:47周二上午，工作日，城市：张家口市，前725分钟从张家口市市内低速移动，Wifi已连接，应用记录：通话应用共1秒，交互1次；中国农业银行共4秒，交互3次；输入法共2秒，交互1次；微信共4秒，交互4次；中国建设银行(银行)共24秒，交互1次；抖音共3秒，交互3次；支付宝(支付宝)共40秒，交互1次,0001050d-08f0-7cfa-bfce-e4e948568e39
2026/01/20 10:14,时间：2026/01/20 10:14周二上午，工作日，城市：张家口市，前86分钟从张家口市市内低速移动，Wifi未连接，应用记录：微信共6秒，交互1次,0001050d-08f0-7cfa-bfce-e4e948568e39
2026/01/20 12:06,时间：2026/01/20 12:06周二下午，工作日，城市：张家口市，前112分钟从张家口市市内低速移动，Wifi未连接，应用记录：微信共3秒，交互2次,0001050d-08f0-7cfa-bfce-e4e948568e39
2026/01/20 14:14,时间：2026/01/20 14:14周二下午，工作日，城市：张家口市，Wifi未连接，应用记录：,0001050d-08f0-7cfa-bfce-e4e948568e39
2026/01/20 16:52,时间：2026/01/20 16:52周二下午，工作日，城市：张家口市，前157分钟从张家口市市内高速移动，Wifi未连接，应用记录：无,0001050d-08f0-7cfa-bfce-e4e948568e39
2026/01/21 12:44,时间：2026/01/21 12:44周三下午，工作日，城市：张家口市，POI：店铺，前1192分钟从张家口市市内低速移动，Wifi已连接，应用记录：无,0001050d-08f0-7cfa-bfce-e4e948568e39
2026/01/21 13:00,时间：2026/01/21 13:00周三下午，工作日，城市：张家口市，POI：店铺，Wifi已连接，应用记录：无,0001050d-08f0-7cfa-bfce-e4e948568e39
2026/01/21 18:25,时间：2026/01/21 18:25周三晚上，工作日，城市：张家口市，前325分钟从张家口市市内低速移动，Wifi已连接，应用记录：抖音共7秒，交互1次；微信(聊天)共23秒，交互1次；闲鱼共5秒，交互1次；输入法(系统)共53秒，交互3次,0001050d-08f0-7cfa-bfce-e4e948568e39
2026/01/21 18:59,时间：2026/01/21 18:59周三晚上，工作日，城市：张家口市，Wifi已连接，应用记录：无,0001050d-08f0-7cfa-bfce-e4e948568e39
2026/01/21 20:29,时间：2026/01/21 20:29周三晚上，工作日，城市：张家口市，Wifi已连接，应用记录：微信(聊天)共47秒，交互1次；抖音共14秒，交互1次；输入法(系统)共21秒，交互1次,0001050d-08f0-7cfa-bfce-e4e948568e39
2026/01/21 21:17,时间：2026/01/21 21:17周三晚上，工作日，城市：张家口市，Wifi已连接，应用记录：无,0001050d-08f0-7cfa-bfce-e4e948568e39
2026/01/22 07:42,时间：2026/01/22 07:42周四上午，工作日，城市：张家口市，Wifi已连接，应用记录：输入法(系统)共40秒，交互5次；华为浏览器共2秒，交互3次；微信共2秒，交互3次,0001050d-08f0-7cfa-bfce-e4e948568e39
2026/01/22 08:26,时间：2026/01/22 08:26周四上午，工作日，城市：张家口市，Wifi已连接，应用记录：输入法共2秒，交互4次；日历共2秒，交互1次；微信共4秒，交互3次；中国农业银行(银行)共11秒，交互1次；安逸花(贷款)共21秒，交互1次；马上金融(理财)共11秒，交互1次；手机助手(系统)共19秒，交互2次,0001050d-08f0-7cfa-bfce-e4e948568e39
2026/01/22 10:31,时间：2026/01/22 10:31周四上午，工作日，城市：张家口市，前126分钟从张家口市市内低速移动，Wifi未连接，应用记录：通话应用(系统)共5秒，交互1次；微信(聊天)共13秒，交互1次,0001050d-08f0-7cfa-bfce-e4e948568e39
2026/01/22 11:50,时间：2026/01/22 11:50周四上午，工作日，城市：北京市，前79分钟从张家口市跨城市高速移动，Wifi未连接，应用记录：无,0001050d-08f0-7cfa-bfce-e4e948568e39
2026/01/22 12:17,时间：2026/01/22 12:17周四下午，工作日，城市：北京市，前27分钟从北京市市内高速移动，Wifi未连接，应用记录：无,0001050d-08f0-7cfa-bfce-e4e948568e39
2026/01/22 13:43,时间：2026/01/22 13:43周四下午，工作日，城市：保定市，前86分钟从北京市跨城市高速移动，Wifi未连接，应用记录：无,0001050d-08f0-7cfa-bfce-e4e948568e39
2026/01/22 18:19,时间：2026/01/22 18:19周四晚上，工作日，城市：邯郸市，前276分钟从保定市跨城市高速移动，Wifi未连接，应用记录：抖音共19秒，交互1次,0001050d-08f0-7cfa-bfce-e4e948568e39
2026/01/22 20:18,时间：2026/01/22 20:18周四晚上，工作日，城市：鹤壁市，前119分钟从邯郸市跨城市高速移动，Wifi未连接，应用记录：无,0001050d-08f0-7cfa-bfce-e4e948568e39
2026/01/23 00:48,时间：2026/01/23 00:48周五凌晨，工作日，城市：南阳市，POI：酒店旅馆，前270分钟从鹤壁市跨城市高速移动，Wifi未连接，应用记录：无,0001050d-08f0-7cfa-bfce-e4e948568e39
2026/01/23 07:05,时间：2026/01/23 07:05周五上午，工作日，城市：襄阳市，前377分钟从南阳市跨城市低速移动，Wifi未连接，应用记录：无,0001050d-08f0-7cfa-bfce-e4e948568e39
2026/01/23 10:51,时间：2026/01/23 10:51周五上午，工作日，城市：常德市，前226分钟从襄阳市跨城市高速移动，Wifi未连接，应用记录：微信共2秒，交互2次；通话应用(系统)共45秒，交互1次,0001050d-08f0-7cfa-bfce-e4e948568e39
2026/01/23 11:22,时间：2026/01/23 11:22周五上午，工作日，城市：常德市，前31分钟从常德市市内高速移动，Wifi未连接，应用记录：通话应用(系统)共33秒，交互1次；抖音共20秒，交互1次,0001050d-08f0-7cfa-bfce-e4e948568e39
2026/01/23 12:02,时间：2026/01/23 12:02周五下午，工作日，城市：常德市，前40分钟从常德市市内高速移动，Wifi未连接，应用记录：通话应用共2秒，交互1次,0001050d-08f0-7cfa-bfce-e4e948568e39
2026/01/23 14:11,时间：2026/01/23 14:11周五下午，工作日，城市：益阳市，前129分钟从常德市跨城市高速移动，Wifi未连接，应用记录：微信共2秒，交互5次；通话应用共3秒，交互4次,0001050d-08f0-7cfa-bfce-e4e948568e39
2026/01/23 17:05,时间：2026/01/23 17:05周五下午，工作日，城市：益阳市，POI：戏剧/音乐和文化，Wifi未连接，应用记录：无,0001050d-08f0-7cfa-bfce-e4e948568e39
2026/01/23 22:33,时间：2026/01/23 22:33周五晚上，工作日，城市：益阳市，POI：戏剧/音乐和文化，Wifi未连接，应用记录：输入法共1秒，交互1次；通话应用(系统)共41秒，交互1次；微信共1秒，交互2次,0001050d-08f0-7cfa-bfce-e4e948568e39
2026/01/07 05:53,时间：2026/01/07 05:53周三凌晨，工作日，城市：沈阳市，POI：餐厅、公司、高铁站、公园及休憩用地、旅游景点，Wifi未连接，应用记录：微信(聊天)共6秒，交互1次；高德地图共10秒，交互3次；输入法(系统)共4秒，交互1次,0021a173-cd59-1b88-4c3f-16fb834acd81
2026/01/07 08:38,时间：2026/01/07 08:38周三上午，工作日，城市：丹东市，前165分钟从沈阳市跨城市高速移动，Wifi未连接，应用记录：微信共1秒，交互4次；输入法(系统)共54秒，交互2次,0021a173-cd59-1b88-4c3f-16fb834acd81
2026/01/07 10:56,时间：2026/01/07 10:56周三上午，工作日，城市：丹东市，前137分钟从丹东市市内低速移动，Wifi未连接，应用记录：通话应用(系统)共4秒，交互1次；微信(聊天)共20秒，交互1次；输入法(系统)共10秒，交互1次；相机共1秒，交互1次,0021a173-cd59-1b88-4c3f-16fb834acd81
2026/01/07 13:08,时间：2026/01/07 13:08周三下午，工作日，城市：丹东市，前132分钟从丹东市市内低速移动，Wifi未连接，应用记录：相机共3秒，交互2次,0021a173-cd59-1b88-4c3f-16fb834acd81
2026/01/07 19:50,时间：2026/01/07 19:50周三晚上，工作日，城市：鞍山市，POI：休闲中心，前403分钟从丹东市跨城市低速移动，Wifi已连接，应用记录：无,0021a173-cd59-1b88-4c3f-16fb834acd81
2026/01/07 21:10,时间：2026/01/07 21:10周三晚上，工作日，城市：鞍山市，POI：休闲中心，Wifi已连接，应用记录：微信(聊天)共24秒，交互3次；抖音共7秒，交互2次；输入法(系统)共2秒，交互1次,0021a173-cd59-1b88-4c3f-16fb834acd81
2026/01/07 22:07,时间：2026/01/07 22:07周三晚上，工作日，城市：鞍山市，Wifi已连接，应用记录：无,0021a173-cd59-1b88-4c3f-16fb834acd81
2026/01/08 06:45,时间：2026/01/08 06:45周四上午，工作日，城市：鞍山市，Wifi已连接，应用记录：无,0021a173-cd59-1b88-4c3f-16fb834acd81
2026/01/08 07:52,时间：2026/01/08 07:52周四上午，工作日，城市：鞍山市，Wifi已连接，应用记录：无,0021a173-cd59-1b88-4c3f-16fb834acd81
2026/01/08 12:31,时间：2026/01/08 12:31周四下午，工作日，城市：鞍山市，POI：休闲中心、咖啡馆和英式酒吧，Wifi未连接，应用记录：微信共3秒，交互6次；抖音共2秒，交互2次；美团(本地生活)共30秒，交互2次；输入法(系统)共11秒，交互2次,0021a173-cd59-1b88-4c3f-16fb834acd81
2026/01/08 17:57,时间：2026/01/08 17:57周四下午，工作日，城市：鞍山市，POI：餐厅，前326分钟从鞍山市市内低速移动，Wifi未连接，应用记录：无,0021a173-cd59-1b88-4c3f-16fb834acd81
2026/01/08 19:07,时间：2026/01/08 19:07周四晚上，工作日，城市：鞍山市，POI：戏剧/音乐和文化、店铺，前70分钟从鞍山市市内低速移动，Wifi未连接，应用记录：微信(聊天)共21秒，交互2次；相机(相机)共40秒，交互1次,0021a173-cd59-1b88-4c3f-16fb834acd81
2026/01/09 11:49,时间：2026/01/09 11:49周五上午，工作日，城市：铁岭市，POI：医疗保健、店铺，前1003分钟从鞍山市跨城市低速移动，Wifi未连接，应用记录：相机(相机)共37秒，交互1次；微信共1秒，交互2次；输入法(系统)共38秒，交互1次,0021a173-cd59-1b88-4c3f-16fb834acd81
2026/01/09 12:10,时间：2026/01/09 12:10周五下午，工作日，城市：铁岭市，POI：店铺，Wifi未连接，应用记录：微信(聊天)共36秒，交互2次；输入法(系统)共47秒，交互6次；抖音共3秒，交互2次；快手共3秒，交互1次,0021a173-cd59-1b88-4c3f-16fb834acd81
2026/01/09 14:07,时间：2026/01/09 14:07周五下午，工作日，城市：铁岭市，POI：店铺，Wifi未连接，应用记录：无,0021a173-cd59-1b88-4c3f-16fb834acd81
2026/01/09 19:02,时间：2026/01/09 19:02周五晚上，工作日，城市：铁岭市，POI：戏剧/音乐和文化、旅游景点，前296分钟从铁岭市市内低速移动，Wifi未连接，应用记录：无,0021a173-cd59-1b88-4c3f-16fb834acd81
2026/01/09 20:55,时间：2026/01/09 20:55周五晚上，工作日，城市：沈阳市，POI：休闲中心、高尔夫球场，前112分钟从铁岭市跨城市高速移动，Wifi已连接，应用记录：微信共5秒，交互3次；输入法共2秒，交互3次,0021a173-cd59-1b88-4c3f-16fb834acd81
2026/01/09 21:36,时间：2026/01/09 21:36周五晚上，工作日，城市：沈阳市，POI：休闲中心、高尔夫球场，Wifi已连接，应用记录：抖音共7秒，交互3次；微信共2秒，交互5次；美团共2秒，交互1次,0021a173-cd59-1b88-4c3f-16fb834acd81
2026/01/10 09:28,时间：2026/01/10 09:28周六上午，休息日，城市：沈阳市，POI：高尔夫球场、休闲中心，Wifi已连接，应用记录：无,0021a173-cd59-1b88-4c3f-16fb834acd81
2026/01/10 15:09,时间：2026/01/10 15:09周六下午，休息日，城市：沈阳市，前342分钟从沈阳市市内低速移动，Wifi未连接，应用记录：微信共3秒，交互4次；抖音共2秒，交互1次；高德地图共4秒，交互3次；输入法(系统)共7秒，交互2次,0021a173-cd59-1b88-4c3f-16fb834acd81
2026/01/10 20:00,时间：2026/01/10 20:00周六晚上，休息日，城市：沈阳市，POI：地铁站，前291分钟从沈阳市市内低速移动，Wifi未连接，应用记录：无,0021a173-cd59-1b88-4c3f-16fb834acd81
2026/01/10 20:44,时间：2026/01/10 20:44周六晚上，休息日，城市：沈阳市，前44分钟从沈阳市市内低速移动，Wifi未连接，应用记录：抖音共5秒，交互1次；输入法(系统)共8秒，交互1次；微信共7秒，交互1次,0021a173-cd59-1b88-4c3f-16fb834acd81
2026/01/10 22:20,时间：2026/01/10 22:20周六晚上，休息日，城市：沈阳市，POI：休闲中心，Wifi已连接，应用记录：无,0021a173-cd59-1b88-4c3f-16fb834acd81
2026/01/10 23:49,时间：2026/01/10 23:49周六晚上，休息日，城市：沈阳市，POI：休闲中心，Wifi已连接，应用记录：输入法(系统)共34秒，交互1次；抖音共14秒，交互1次,0021a173-cd59-1b88-4c3f-16fb834acd81
2026/01/11 09:44,时间：2026/01/11 09:44周日上午，休息日，城市：丹东市，前595分钟从沈阳市跨城市低速移动，Wifi未连接，应用记录：无,0021a173-cd59-1b88-4c3f-16fb834acd81
2026/01/11 10:04,时间：2026/01/11 10:04周日上午，休息日，城市：丹东市，前20分钟从丹东市市内低速移动，Wifi未连接，应用记录：无,0021a173-cd59-1b88-4c3f-16fb834acd81
2026/01/11 15:34,时间：2026/01/11 15:34周日下午，休息日，城市：丹东市，POI：旅游景点、店铺，前330分钟从丹东市市内低速移动，Wifi未连接，应用记录：输入法(系统)共7秒，交互1次,0021a173-cd59-1b88-4c3f-16fb834acd81
2026/01/11 17:02,时间：2026/01/11 17:02周日下午，休息日，城市：丹东市，POI：高铁站，前88分钟从丹东市市内低速移动，Wifi未连接，应用记录：无,0021a173-cd59-1b88-4c3f-16fb834acd81
2026/01/11 20:48,时间：2026/01/11 20:48周日晚上，休息日，城市：大连市，POI：市场、餐厅，前226分钟从丹东市跨城市高速移动，Wifi未连接，应用记录：微信(聊天)共16秒，交互2次；支付宝(支付宝)共14秒，交互1次,0021a173-cd59-1b88-4c3f-16fb834acd81
2026/01/11 21:33,时间：2026/01/11 21:33周日晚上，休息日，城市：大连市，前45分钟从大连市市内低速移动，Wifi未连接，应用记录：无,0021a173-cd59-1b88-4c3f-16fb834acd81
2026/01/12 07:30,时间：2026/01/12 07:30周一上午，工作日，城市：大连市，前597分钟从大连市市内低速移动，Wifi已连接，应用记录：输入法(系统)共7秒，交互1次,0021a173-cd59-1b88-4c3f-16fb834acd81
2026/01/12 08:50,时间：2026/01/12 08:50周一上午，工作日，城市：大连市，前79分钟从大连市市内低速移动，Wifi未连接，应用记录：无,0021a173-cd59-1b88-4c3f-16fb834acd81
2026/01/12 09:55,时间：2026/01/12 09:55周一上午，工作日，城市：大连市，POI：高铁站，前65分钟从大连市市内低速移动，Wifi未连接，应用记录：输入法(系统)共39秒，交互6次；微信共9秒，交互3次；截屏(系统)共3秒，交互1次；抖音共4秒，交互1次,0021a173-cd59-1b88-4c3f-16fb834acd81
2026/01/12 18:11,时间：2026/01/12 18:11周一晚上，工作日，城市：丹东市，POI：休闲中心，前496分钟从大连市跨城市低速移动，Wifi未连接，应用记录：无,0021a173-cd59-1b88-4c3f-16fb834acd81
2026/01/12 19:05,时间：2026/01/12 19:05周一晚上，工作日，城市：丹东市，Wifi已连接，应用记录：无,0021a173-cd59-1b88-4c3f-16fb834acd81
2026/01/12 19:41,时间：2026/01/12 19:41周一晚上，工作日，城市：丹东市，Wifi已连接，应用记录：微信共9秒，交互1次,0021a173-cd59-1b88-4c3f-16fb834acd81
2026/01/12 20:03,时间：2026/01/12 20:03周一晚上，工作日，城市：丹东市，Wifi已连接，应用记录：无,0021a173-cd59-1b88-4c3f-16fb834acd81
2026/01/13 08:14,时间：2026/01/13 08:14周二上午，工作日，城市：丹东市，Wifi已连接，应用记录：无,0021a173-cd59-1b88-4c3f-16fb834acd81
2026/01/13 09:06,时间：2026/01/13 09:06周二上午，工作日，城市：丹东市，Wifi已连接，应用记录：输入法(系统)共35秒，交互3次；微信共6秒，交互1次,0021a173-cd59-1b88-4c3f-16fb834acd81
2026/01/13 20:38,时间：2026/01/13 20:38周二晚上，工作日，城市：沈阳市，前691分钟从丹东市跨城市低速移动，Wifi未连接，应用记录：微信共2秒，交互4次；腾讯新闻共1秒，交互1次；美团共2秒，交互1次；输入法(系统)共14秒，交互1次,0021a173-cd59-1b88-4c3f-16fb834acd81
2026/01/14 06:42,时间：2026/01/14 06:42周三上午，工作日，城市：沈阳市，前604分钟从沈阳市市内低速移动，Wifi未连接，应用记录：无,0021a173-cd59-1b88-4c3f-16fb834acd81
2026/01/14 07:09,时间：2026/01/14 07:09周三上午，工作日，城市：沈阳市，前27分钟从沈阳市市内高速移动，Wifi未连接，应用记录：无,0021a173-cd59-1b88-4c3f-16fb834acd81
2026/01/14 09:14,时间：2026/01/14 09:14周三上午，工作日，城市：本溪市，前126分钟从沈阳市跨城市高速移动，Wifi未连接，应用记录：铁路12306(高铁、火车)共8秒，交互1次；微信共5秒，交互1次；输入法(系统)共33秒，交互3次,0021a173-cd59-1b88-4c3f-16fb834acd81
2026/01/14 20:42,时间：2026/01/14 20:42周三晚上，工作日，城市：丹东市，POI：酒店旅馆，前688分钟从本溪市跨城市低速移动，Wifi未连接，应用记录：无,0021a173-cd59-1b88-4c3f-16fb834acd81
2026/01/14 22:52,时间：2026/01/14 22:52周三晚上，工作日，城市：丹东市，POI：酒店旅馆，Wifi未连接，应用记录：输入法(系统)共12秒，交互1次,0021a173-cd59-1b88-4c3f-16fb834acd81
2026/01/15 09:52,时间：2026/01/15 09:52周四上午，工作日，城市：丹东市，Wifi未连接，应用记录：通话应用(系统)共38秒，交互1次；手机助手(系统)共2秒，交互1次,0021a173-cd59-1b88-4c3f-16fb834acd81
2026/01/15 14:02,时间：2026/01/15 14:02周四下午，工作日，城市：丹东市，Wifi未连接，应用记录：无,0021a173-cd59-1b88-4c3f-16fb834acd81
2026/01/16 07:35,时间：2026/01/16 07:35周五上午，工作日，城市：鞍山市，前1054分钟从丹东市跨城市低速移动，Wifi未连接，应用记录：微信共8秒，交互1次；输入法(系统)共6秒，交互1次,0021a173-cd59-1b88-4c3f-16fb834acd81
2026/01/16 07:52,时间：2026/01/16 07:52周五上午，工作日，城市：鞍山市，Wifi未连接，应用记录：腾讯新闻共6秒，交互3次；微信共2秒，交互5次；时钟(时钟)共5秒，交互1次；去哪儿旅行(旅游)共2秒，交互1次,0021a173-cd59-1b88-4c3f-16fb834acd81
2026/01/16 08:11,时间：2026/01/16 08:11周五上午，工作日，城市：鞍山市，Wifi已连接，应用记录：抖音共3秒，交互2次；微信(聊天)共16秒，交互1次,0021a173-cd59-1b88-4c3f-16fb834acd81
2026/01/16 10:20,时间：2026/01/16 10:20周五上午，工作日，城市：鞍山市，前129分钟从鞍山市市内低速移动，Wifi未连接，应用记录：无,0021a173-cd59-1b88-4c3f-16fb834acd81
2026/01/16 18:25,时间：2026/01/16 18:25周五晚上，工作日，城市：沈阳市，POI：高尔夫球场，前485分钟从鞍山市跨城市低速移动，Wifi已连接，应用记录：微信共18秒，交互1次；抖音(短视频)共23秒，交互2次,0021a173-cd59-1b88-4c3f-16fb834acd81
2026/01/16 18:51,时间：2026/01/16 18:51周五晚上，工作日，城市：沈阳市，POI：高尔夫球场，Wifi已连接，应用记录：微信共11秒，交互3次；腾讯新闻共2秒，交互2次；输入法(系统)共3秒，交互1次,0021a173-cd59-1b88-4c3f-16fb834acd81
2026/01/16 21:00,时间：2026/01/16 21:00周五晚上，工作日，城市：沈阳市，POI：高尔夫球场，Wifi已连接，应用记录：无,0021a173-cd59-1b88-4c3f-16fb834acd81
2026/01/19 04:01,时间：2026/01/19 04:01周一凌晨，工作日，城市：大连市，前3300分钟从沈阳市跨城市低速移动，Wifi已连接，应用记录：无,0021a173-cd59-1b88-4c3f-16fb834acd81
2026/01/19 08:06,时间：2026/01/19 08:06周一上午，工作日，城市：大连市，POI：店铺，前245分钟从大连市市内低速移动，Wifi未连接，应用记录：无,0021a173-cd59-1b88-4c3f-16fb834acd81
2026/01/19 09:41,时间：2026/01/19 09:41周一上午，工作日，城市：大连市，前95分钟从大连市市内低速移动，Wifi已连接，应用记录：无,0021a173-cd59-1b88-4c3f-16fb834acd81
2026/01/19 09:57,时间：2026/01/19 09:57周一上午，工作日，城市：大连市，前16分钟从大连市市内低速移动，Wifi未连接，应用记录：微信(聊天)共16秒，交互1次；抖音共2秒，交互2次,0021a173-cd59-1b88-4c3f-16fb834acd81
2026/01/19 13:25,时间：2026/01/19 13:25周一下午，工作日，城市：大连市，前208分钟从大连市市内高速移动，Wifi未连接，应用记录：输入法(系统)共6秒，交互1次；微信(聊天)共13秒，交互2次,0021a173-cd59-1b88-4c3f-16fb834acd81
2026/01/19 14:26,时间：2026/01/19 14:26周一下午，工作日，城市：大连市，POI：高尔夫球场，Wifi未连接，应用记录：微信共1秒，交互4次；输入法(系统)共19秒，交互6次；美团共3秒，交互1次,0021a173-cd59-1b88-4c3f-16fb834acd81
2026/01/19 16:01,时间：2026/01/19 16:01周一下午，工作日，城市：大连市，Wifi未连接，应用记录：无,0021a173-cd59-1b88-4c3f-16fb834acd81
2026/01/19 20:21,时间：2026/01/19 20:21周一晚上，工作日，城市：大连市，前260分钟从大连市市内高速移动，Wifi未连接，应用记录：无,0021a173-cd59-1b88-4c3f-16fb834acd81
2026/01/19 21:39,时间：2026/01/19 21:39周一晚上，工作日，城市：大连市，Wifi已连接，应用记录：无,0021a173-cd59-1b88-4c3f-16fb834acd81
2026/01/20 07:49,时间：2026/01/20 07:49周二上午，工作日，城市：大连市，POI：便利店，前610分钟从大连市市内低速移动，Wifi未连接，应用记录：微信共4秒，交互7次；腾讯新闻(新闻)共49秒，交互1次；云闪付(银行)共7秒，交互1次；铁路12306(高铁、火车)共33秒，交互2次；截屏(系统)共4秒，交互1次；支付宝(支付宝)共10秒，交互1次；输入法(系统)共4秒，交互1次,0021a173-cd59-1b88-4c3f-16fb834acd81
2026/01/20 08:56,时间：2026/01/20 08:56周二上午，工作日，城市：大连市，Wifi未连接，应用记录：微信共5秒，交互8次；输入法(系统)共3秒，交互1次；铁路12306(高铁、火车)共35秒，交互1次,0021a173-cd59-1b88-4c3f-16fb834acd81
2026/01/20 09:39,时间：2026/01/20 09:39周二上午，工作日，城市：大连市，前43分钟从大连市市内低速移动，Wifi未连接，应用记录：输入法(系统)共48秒，交互5次；抖音共10秒，交互3次；微信(聊天)共55秒，交互2次；铁路12306(高铁、火车)共5秒，交互1次,0021a173-cd59-1b88-4c3f-16fb834acd81
2026/01/20 11:00,时间：2026/01/20 11:00周二上午，工作日，城市：丹东市，POI：高铁站，前81分钟从大连市跨城市高速移动，Wifi未连接，应用记录：无,0021a173-cd59-1b88-4c3f-16fb834acd81
2026/01/20 17:40,时间：2026/01/20 17:40周二下午，工作日，城市：丹东市，POI：高铁站，前400分钟从丹东市市内低速移动，Wifi未连接，应用记录：微信(聊天)共24秒，交互3次；输入法(系统)共11秒，交互1次；抖音共12秒，交互2次,0021a173-cd59-1b88-4c3f-16fb834acd81
2026/01/20 18:57,时间：2026/01/20 18:57周二晚上，工作日，城市：丹东市，POI：高铁站，前77分钟从丹东市市内高速移动，Wifi未连接，应用记录：截屏(系统)共7秒，交互2次,0021a173-cd59-1b88-4c3f-16fb834acd81
2026/01/07 00:39,时间：2026/01/07 00:39周三凌晨，工作日，城市：天津市，Wifi未连接，应用记录：微信(聊天)共34秒，交互2次,0111368f-8f21-3d0c-0f87-4fc72655faab
2026/01/07 01:35,时间：2026/01/07 01:35周三凌晨，工作日，城市：天津市，Wifi未连接，应用记录：微信(聊天)共20秒，交互2次,0111368f-8f21-3d0c-0f87-4fc72655faab
2026/01/07 02:12,时间：2026/01/07 02:12周三凌晨，工作日，城市：天津市，Wifi未连接，应用记录：微信(聊天)共30秒，交互2次,0111368f-8f21-3d0c-0f87-4fc72655faab
2026/01/07 02:35,时间：2026/01/07 02:35周三凌晨，工作日，城市：天津市，Wifi未连接，应用记录：微信(聊天)共31秒，交互2次,0111368f-8f21-3d0c-0f87-4fc72655faab
2026/01/07 08:37,时间：2026/01/07 08:37周三上午，工作日，城市：天津市，Wifi未连接，应用记录：微信共5秒，交互6次；企业微信共1秒，交互3次；输入法(系统)共11秒，交互1次；时钟(时钟)共10秒，交互1次,0111368f-8f21-3d0c-0f87-4fc72655faab
2026/01/07 09:27,时间：2026/01/07 09:27周三上午，工作日，城市：天津市，Wifi未连接，应用记录：微信共1秒，交互2次；同花顺(股票基金)共55秒，交互1次,0111368f-8f21-3d0c-0f87-4fc72655faab
2026/01/07 12:32,时间：2026/01/07 12:32周三下午，工作日，城市：天津市，前185分钟从天津市市内低速移动，Wifi未连接，应用记录：企业微信(办公软件)共9秒，交互3次；微信(聊天)共21秒，交互4次；同花顺共1秒，交互3次；手机百度共3秒，交互2次；输入法(系统)共25秒，交互2次,0111368f-8f21-3d0c-0f87-4fc72655faab
2026/01/07 20:55,时间：2026/01/07 20:55周三晚上，工作日，城市：天津市，POI：酒店旅馆，前503分钟从天津市市内低速移动，Wifi未连接，应用记录：微信共2秒，交互2次；支付宝共3秒，交互3次；输入法(系统)共20秒，交互2次,0111368f-8f21-3d0c-0f87-4fc72655faab
2026/01/07 21:16,时间：2026/01/07 21:16周三晚上，工作日，城市：天津市，Wifi未连接，应用记录：微信(聊天)共55秒，交互1次,0111368f-8f21-3d0c-0f87-4fc72655faab
2026/01/07 22:11,时间：2026/01/07 22:11周三晚上，工作日，城市：天津市，Wifi未连接，应用记录：微信(聊天)共27秒，交互1次,0111368f-8f21-3d0c-0f87-4fc72655faab
2026/01/07 22:51,时间：2026/01/07 22:51周三晚上，工作日，城市：天津市，Wifi未连接，应用记录：微信(聊天)共26秒，交互1次,0111368f-8f21-3d0c-0f87-4fc72655faab
2026/01/08 00:06,时间：2026/01/08 00:06周四凌晨，工作日，城市：天津市，Wifi未连接，应用记录：无,0111368f-8f21-3d0c-0f87-4fc72655faab
2026/01/08 00:23,时间：2026/01/08 00:23周四凌晨，工作日，城市：天津市，Wifi未连接，应用记录：微信(聊天)共43秒，交互2次,0111368f-8f21-3d0c-0f87-4fc72655faab
2026/01/08 02:29,时间：2026/01/08 02:29周四凌晨，工作日，城市：天津市，Wifi未连接，应用记录：微信(聊天)共51秒，交互2次,0111368f-8f21-3d0c-0f87-4fc72655faab
2026/01/08 03:24,时间：2026/01/08 03:24周四凌晨，工作日，城市：天津市，Wifi未连接，应用记录：微信共1秒，交互2次,0111368f-8f21-3d0c-0f87-4fc72655faab
2026/01/08 09:23,时间：2026/01/08 09:23周四上午，工作日，城市：天津市，Wifi未连接，应用记录：同花顺共4秒，交互2次；微信共3秒，交互1次,0111368f-8f21-3d0c-0f87-4fc72655faab
2026/01/08 09:46,时间：2026/01/08 09:46周四上午，工作日，城市：天津市，Wifi未连接，应用记录：同花顺共8秒，交互5次；微信共12秒，交互2次；通话应用(系统)共50秒，交互1次,0111368f-8f21-3d0c-0f87-4fc72655faab
2026/01/08 15:07,时间：2026/01/08 15:07周四下午，工作日，城市：济南市，前321分钟从天津市跨城市高速移动，Wifi未连接，应用记录：通话应用共2秒，交互1次；同花顺(股票基金)共19秒，交互1次,0111368f-8f21-3d0c-0f87-4fc72655faab
2026/01/08 15:59,时间：2026/01/08 15:59周四下午，工作日，城市：淄博市，前51分钟从济南市跨城市高速移动，Wifi未连接，应用记录：微信(聊天)共35秒，交互3次；通话应用共1秒，交互2次,0111368f-8f21-3d0c-0f87-4fc72655faab
2026/01/08 21:17,时间：2026/01/08 21:17周四晚上，工作日，城市：淄博市，前318分钟从淄博市市内低速移动，Wifi未连接，应用记录：微信共3秒，交互3次,0111368f-8f21-3d0c-0f87-4fc72655faab
2026/01/09 10:13,时间：2026/01/09 10:13周五上午，工作日，城市：淄博市，前776分钟从淄博市市内低速移动，Wifi已连接，应用记录：同花顺共2秒，交互3次；企业微信(办公软件)共6秒，交互2次；微信共1秒，交互1次；手机百度(工具)共2秒，交互1次,0111368f-8f21-3d0c-0f87-4fc72655faab
2026/01/09 13:26,时间：2026/01/09 13:26周五下午，工作日，城市：淄博市，Wifi已连接，应用记录：通话应用共2秒，交互1次,0111368f-8f21-3d0c-0f87-4fc72655faab
2026/01/09 14:15,时间：2026/01/09 14:15周五下午，工作日，城市：淄博市，Wifi已连接，应用记录：通话应用共6秒，交互1次,0111368f-8f21-3d0c-0f87-4fc72655faab
2026/01/09 16:30,时间：2026/01/09 16:30周五下午，工作日，城市：淄博市，Wifi未连接，应用记录：通话应用(系统)共27秒，交互1次；微信共7秒，交互2次,0111368f-8f21-3d0c-0f87-4fc72655faab
2026/01/09 17:01,时间：2026/01/09 17:01周五下午，工作日，城市：淄博市，POI：游乐园、便利店，前31分钟从淄博市市内低速移动，Wifi未连接，应用记录：无,0111368f-8f21-3d0c-0f87-4fc72655faab
2026/01/09 18:03,时间：2026/01/09 18:03周五晚上，工作日，城市：淄博市，前62分钟从淄博市市内低速移动，Wifi未连接，应用记录：无,0111368f-8f21-3d0c-0f87-4fc72655faab
2026/01/09 20:43,时间：2026/01/09 20:43周五晚上，工作日，城市：淄博市，Wifi未连接，应用记录：微信共6秒，交互2次,0111368f-8f21-3d0c-0f87-4fc72655faab
2026/01/09 21:51,时间：2026/01/09 21:51周五晚上，工作日，城市：淄博市，前69分钟从淄博市市内低速移动，Wifi未连接，应用记录：微信共11秒，交互2次,0111368f-8f21-3d0c-0f87-4fc72655faab
2026/01/09 22:28,时间：2026/01/09 22:28周五晚上，工作日，城市：淄博市，前37分钟从淄博市市内低速移动，Wifi未连接，应用记录：无,0111368f-8f21-3d0c-0f87-4fc72655faab
2026/01/10 07:38,时间：2026/01/10 07:38周六上午，休息日，城市：淄博市，前550分钟从淄博市市内低速移动，Wifi未连接，应用记录：通话应用(系统)共46秒，交互1次；微信共4秒，交互3次；支付宝共1秒，交互4次；输入法(系统)共4秒，交互1次；日历共1秒，交互1次,0111368f-8f21-3d0c-0f87-4fc72655faab
2026/01/10 08:09,时间：2026/01/10 08:09周六上午，休息日，城市：淄博市，前31分钟从淄博市市内低速移动，Wifi未连接，应用记录：通话应用共1秒，交互1次,0111368f-8f21-3d0c-0f87-4fc72655faab
2026/01/10 10:26,时间：2026/01/10 10:26周六上午，休息日，城市：淄博市，Wifi已连接，应用记录：无,0111368f-8f21-3d0c-0f87-4fc72655faab
2026/01/10 18:32,时间：2026/01/10 18:32周六晚上，休息日，城市：淄博市，前486分钟从淄博市市内低速移动，Wifi已连接，应用记录：手机百度(工具)共55秒，交互1次；输入法(系统)共15秒，交互2次,0111368f-8f21-3d0c-0f87-4fc72655faab
2026/01/10 19:03,时间：2026/01/10 19:03周六晚上，休息日，城市：淄博市，Wifi已连接，应用记录：无,0111368f-8f21-3d0c-0f87-4fc72655faab
2026/01/11 08:41,时间：2026/01/11 08:41周日上午，休息日，城市：淄博市，Wifi已连接，应用记录：输入法共1秒，交互3次；微信共11秒，交互1次,0111368f-8f21-3d0c-0f87-4fc72655faab
2026/01/11 11:05,时间：2026/01/11 11:05周日上午，休息日，城市：济南市，前144分钟从淄博市跨城市高速移动，Wifi未连接，应用记录：无,0111368f-8f21-3d0c-0f87-4fc72655faab
2026/01/11 11:53,时间：2026/01/11 11:53周日上午，休息日，城市：济南市，POI：机场，Wifi未连接，应用记录：无,0111368f-8f21-3d0c-0f87-4fc72655faab
2026/01/11 12:11,时间：2026/01/11 12:11周日下午，休息日，城市：济南市，POI：机场，Wifi未连接，应用记录：微信共8秒，交互2次,0111368f-8f21-3d0c-0f87-4fc72655faab
2026/01/11 15:06,时间：2026/01/11 15:06周日下午，休息日，城市：福州市，POI：机场，前175分钟从济南市跨城市高速移动，Wifi未连接，应用记录：无,0111368f-8f21-3d0c-0f87-4fc72655faab
2026/01/11 23:34,时间：2026/01/11 23:34周日晚上，休息日，城市：福州市，POI：娱乐场所，前508分钟从福州市市内低速移动，Wifi未连接，应用记录：微信共2秒，交互5次,0111368f-8f21-3d0c-0f87-4fc72655faab
2026/01/12 00:01,时间：2026/01/12 00:01周一凌晨，工作日，城市：福州市，POI：娱乐场所，Wifi未连接，应用记录：无,0111368f-8f21-3d0c-0f87-4fc72655faab
2026/01/12 00:39,时间：2026/01/12 00:39周一凌晨，工作日，城市：福州市，POI：娱乐场所，Wifi未连接，应用记录：微信(聊天)共49秒，交互2次,0111368f-8f21-3d0c-0f87-4fc72655faab
2026/01/12 00:59,时间：2026/01/12 00:59周一凌晨，工作日，城市：福州市，POI：娱乐场所，Wifi未连接，应用记录：微信共1秒，交互2次,0111368f-8f21-3d0c-0f87-4fc72655faab
2026/01/12 01:20,时间：2026/01/12 01:20周一凌晨，工作日，城市：福州市，POI：娱乐场所，Wifi未连接，应用记录：微信(聊天)共43秒，交互2次,0111368f-8f21-3d0c-0f87-4fc72655faab
2026/01/12 01:52,时间：2026/01/12 01:52周一凌晨，工作日，城市：福州市，POI：娱乐场所，Wifi未连接，应用记录：微信共2秒，交互3次,0111368f-8f21-3d0c-0f87-4fc72655faab
2026/01/12 02:10,时间：2026/01/12 02:10周一凌晨，工作日，城市：福州市，POI：娱乐场所，Wifi未连接，应用记录：微信(聊天)共36秒，交互1次,0111368f-8f21-3d0c-0f87-4fc72655faab
2026/01/12 08:49,时间：2026/01/12 08:49周一上午，工作日，城市：福州市，POI：酒店旅馆，前398分钟从福州市市内低速移动，Wifi未连接，应用记录：微信共11秒，交互5次,0111368f-8f21-3d0c-0f87-4fc72655faab
2026/01/12 11:01,时间：2026/01/12 11:01周一上午，工作日，城市：福州市，Wifi未连接，应用记录：无,0111368f-8f21-3d0c-0f87-4fc72655faab
2026/01/12 21:32,时间：2026/01/12 21:32周一晚上，工作日，城市：福州市，POI：酒店旅馆，Wifi未连接，应用记录：微信(聊天)共57秒，交互3次,0111368f-8f21-3d0c-0f87-4fc72655faab
2026/01/12 21:53,时间：2026/01/12 21:53周一晚上，工作日，城市：福州市，POI：酒店旅馆，Wifi未连接，应用记录：微信(聊天)共41秒，交互2次,0111368f-8f21-3d0c-0f87-4fc72655faab
2026/01/12 22:39,时间：2026/01/12 22:39周一晚上，工作日，城市：福州市，POI：酒店旅馆，Wifi未连接，应用记录：微信(聊天)共41秒，交互2次,0111368f-8f21-3d0c-0f87-4fc72655faab
2026/01/12 23:30,时间：2026/01/12 23:30周一晚上，工作日，城市：福州市，Wifi未连接，应用记录：微信共1秒，交互3次,0111368f-8f21-3d0c-0f87-4fc72655faab
2026/01/12 23:49,时间：2026/01/12 23:49周一晚上，工作日，城市：福州市，POI：酒店旅馆，Wifi未连接，应用记录：微信(聊天)共44秒，交互2次,0111368f-8f21-3d0c-0f87-4fc72655faab
2026/01/13 00:08,时间：2026/01/13 00:08周二凌晨，工作日，城市：福州市，POI：酒店旅馆，Wifi未连接，应用记录：微信(聊天)共23秒，交互1次,0111368f-8f21-3d0c-0f87-4fc72655faab
2026/01/13 01:12,时间：2026/01/13 01:12周二凌晨，工作日，城市：福州市，POI：酒店旅馆，Wifi未连接，应用记录：无,0111368f-8f21-3d0c-0f87-4fc72655faab
2026/01/13 08:50,时间：2026/01/13 08:50周二上午，工作日，城市：福州市，Wifi未连接，应用记录：输入法(系统)共21秒，交互4次；微信共9秒，交互6次；截屏(系统)共3秒，交互1次,0111368f-8f21-3d0c-0f87-4fc72655faab
2026/01/13 11:42,时间：2026/01/13 11:42周二上午，工作日，城市：福州市，前173分钟从福州市市内低速移动，Wifi未连接，应用记录：通话应用共2秒，交互1次,0111368f-8f21-3d0c-0f87-4fc72655faab
2026/01/13 13:56,时间：2026/01/13 13:56周二下午，工作日，城市：福州市，前134分钟从福州市市内低速移动，Wifi未连接，应用记录：微信(聊天)共13秒，交互2次；携程旅行共6秒，交互1次,0111368f-8f21-3d0c-0f87-4fc72655faab
2026/01/13 17:12,时间：2026/01/13 17:12周二下午，工作日，城市：福州市，前196分钟从福州市市内低速移动，Wifi未连接，应用记录：微信(聊天)共12秒，交互1次,0111368f-8f21-3d0c-0f87-4fc72655faab
2026/01/13 17:33,时间：2026/01/13 17:33周二下午，工作日，城市：福州市，Wifi未连接，应用记录：微信共1秒，交互2次,0111368f-8f21-3d0c-0f87-4fc72655faab
2026/01/13 17:54,时间：2026/01/13 17:54周二下午，工作日，城市：福州市，Wifi未连接，应用记录：微信(聊天)共14秒，交互1次；通话应用(系统)共6秒，交互1次,0111368f-8f21-3d0c-0f87-4fc72655faab
2026/01/14 09:26,时间：2026/01/14 09:26周三上午，工作日，城市：福州市，POI：酒店旅馆，Wifi未连接，应用记录：同花顺(股票基金)共45秒，交互3次；微信(聊天)共44秒，交互1次,0111368f-8f21-3d0c-0f87-4fc72655faab
2026/01/14 12:48,时间：2026/01/14 12:48周三下午，工作日，城市：福州市，POI：娱乐场所，前202分钟从福州市市内低速移动，Wifi未连接，应用记录：微信共2秒，交互2次；手机百度(工具)共16秒，交互2次；输入法(系统)共6秒，交互1次；通话应用(系统)共59秒，交互1次,0111368f-8f21-3d0c-0f87-4fc72655faab
2026/01/14 16:29,时间：2026/01/14 16:29周三下午，工作日，城市：福州市，POI：娱乐场所，Wifi未连接，应用记录：无,0111368f-8f21-3d0c-0f87-4fc72655faab
2026/01/14 16:45,时间：2026/01/14 16:45周三下午，工作日，城市：福州市，POI：娱乐场所，Wifi未连接，应用记录：通话应用共1秒，交互2次；同花顺(股票基金)共18秒，交互1次,0111368f-8f21-3d0c-0f87-4fc72655faab
2026/01/15 02:58,时间：2026/01/15 02:58周四凌晨，工作日，城市：福州市，前613分钟从福州市市内低速移动，Wifi未连接，应用记录：支付宝(支付宝)共2秒，交互1次；微信共20秒，交互2次,0111368f-8f21-3d0c-0f87-4fc72655faab
2026/01/15 12:33,时间：2026/01/15 12:33周四下午，工作日，城市：福州市，POI：酒店旅馆，Wifi未连接，应用记录：微信共2秒，交互2次,0111368f-8f21-3d0c-0f87-4fc72655faab
2026/01/15 14:02,时间：2026/01/15 14:02周四下午，工作日，城市：福州市，POI：宗教场所，前90分钟从福州市市内低速移动，Wifi未连接，应用记录：无,0111368f-8f21-3d0c-0f87-4fc72655faab
2026/01/15 15:16,时间：2026/01/15 15:16周四下午，工作日，城市：福州市，POI：机场、便利店、餐厅，前74分钟从福州市市内低速移动，Wifi未连接，应用记录：微信共7秒，交互2次；通话应用(系统)共29秒，交互1次,0111368f-8f21-3d0c-0f87-4fc72655faab
2026/01/15 23:12,时间：2026/01/15 23:12周四晚上，工作日，城市：淄博市，POI：购物中心，前475分钟从福州市跨城市高速移动，Wifi已连接，应用记录：时钟(时钟)共22秒，交互1次；微信共4秒，交互2次；同花顺共4秒，交互2次,0111368f-8f21-3d0c-0f87-4fc72655faab
2026/01/16 07:25,时间：2026/01/16 07:25周五上午，工作日，城市：淄博市，POI：购物中心，前493分钟从淄博市市内低速移动，Wifi未连接，应用记录：微信共3秒，交互1次,0111368f-8f21-3d0c-0f87-4fc72655faab
2026/01/16 07:54,时间：2026/01/16 07:54周五上午，工作日，城市：淄博市，POI：购物中心，前30分钟从淄博市市内低速移动，Wifi已连接，应用记录：通话应用(系统)共25秒，交互1次；微信(聊天)共35秒，交互2次；企业微信共6秒，交互1次；语音助手(系统)共25秒，交互2次,0111368f-8f21-3d0c-0f87-4fc72655faab
2026/01/16 23:28,时间：2026/01/16 23:28周五晚上，工作日，城市：淄博市，POI：店铺，前933分钟从淄博市市内低速移动，Wifi已连接，应用记录：无,0111368f-8f21-3d0c-0f87-4fc72655faab
2026/01/22 09:54,时间：2026/01/22 09:54周四上午，工作日，城市：成都市，Wifi未连接，应用记录：微信(聊天)共31秒，交互1次,0115d741-4ca4-9bf9-fb39-f4f7081e5d05
2026/01/22 10:07,时间：2026/01/22 10:07周四上午，工作日，城市：成都市，前12分钟从成都市市内低速移动，Wifi未连接，应用记录：微信(聊天)共3秒，交互1次,0115d741-4ca4-9bf9-fb39-f4f7081e5d05
2026/01/22 10:10,时间：2026/01/22 10:10周四上午，工作日，城市：成都市，前3分钟从成都市市内高速移动，Wifi未连接，应用记录：微信(聊天)共19秒，交互1次,0115d741-4ca4-9bf9-fb39-f4f7081e5d05
2026/01/22 10:16,时间：2026/01/22 10:16周四上午，工作日，城市：成都市，前5分钟从成都市市内低速移动，Wifi未连接，应用记录：滴滴出行(网约车)共6秒，交互1次；微信共1秒，交互5次；支付宝(支付宝)共37秒，交互1次；输入法(系统)共6秒，交互1次,0115d741-4ca4-9bf9-fb39-f4f7081e5d05
2026/01/22 10:22,时间：2026/01/22 10:22周四上午，工作日，城市：成都市，Wifi未连接，应用记录：支付宝共1秒，交互2次；微信共2秒，交互8次；输入法共1秒，交互4次；滴滴出行(网约车)共6秒，交互1次,0115d741-4ca4-9bf9-fb39-f4f7081e5d05
2026/01/22 10:28,时间：2026/01/22 10:28周四上午，工作日，城市：成都市，POI：旅游景点，前6分钟从成都市市内高速移动，Wifi未连接，应用记录：输入法(系统)共35秒，交互2次；微信(聊天)共19秒，交互1次,0115d741-4ca4-9bf9-fb39-f4f7081e5d05
2026/01/22 10:36,时间：2026/01/22 10:36周四上午，工作日，城市：成都市，POI：地铁站，前8分钟从成都市市内低速移动，Wifi未连接，应用记录：微信共1秒，交互4次；输入法(系统)共35秒，交互2次；通话应用(系统)共2秒，交互1次,0115d741-4ca4-9bf9-fb39-f4f7081e5d05
2026/01/22 10:41,时间：2026/01/22 10:41周四上午，工作日，城市：成都市，POI：地铁站，前6分钟从成都市市内低速移动，Wifi未连接，应用记录：输入法(系统)共35秒，交互2次；微信共1秒，交互4次；通话应用(系统)共2秒，交互1次,0115d741-4ca4-9bf9-fb39-f4f7081e5d05
2026/01/22 10:44,时间：2026/01/22 10:44周四上午，工作日，城市：成都市，POI：戏剧/音乐和文化、地铁站，前3分钟从成都市市内低速移动，Wifi未连接，应用记录：微信共3秒，交互1次,0115d741-4ca4-9bf9-fb39-f4f7081e5d05
2026/01/22 10:53,时间：2026/01/22 10:53周四上午，工作日，城市：成都市，前8分钟从成都市市内高速移动，Wifi未连接，应用记录：微信共3秒，交互1次；手机助手共13秒，交互1次,0115d741-4ca4-9bf9-fb39-f4f7081e5d05
2026/01/22 10:58,时间：2026/01/22 10:58周四上午，工作日，城市：成都市，POI：地铁站，前5分钟从成都市市内高速移动，Wifi未连接，应用记录：微信共3秒，交互1次；手机助手共13秒，交互1次,0115d741-4ca4-9bf9-fb39-f4f7081e5d05
2026/01/22 11:05,时间：2026/01/22 11:05周四上午，工作日，城市：成都市，POI：地铁站、购物中心，Wifi未连接，应用记录：微信共1秒，交互1次,0115d741-4ca4-9bf9-fb39-f4f7081e5d05
2026/01/22 11:13,时间：2026/01/22 11:13周四上午，工作日，城市：成都市，POI：地铁站，前7分钟从成都市市内高速移动，Wifi未连接，应用记录：微信共1秒，交互2次,0115d741-4ca4-9bf9-fb39-f4f7081e5d05
2026/01/22 11:25,时间：2026/01/22 11:25周四上午，工作日，城市：成都市，前12分钟从成都市市内低速移动，Wifi未连接，应用记录：微信共2秒，交互4次；手机助手共2秒，交互2次；通话应用(系统)共19秒，交互1次,0115d741-4ca4-9bf9-fb39-f4f7081e5d05
2026/01/22 11:33,时间：2026/01/22 11:33周四上午，工作日，城市：成都市，前8分钟从成都市市内高速移动，Wifi未连接，应用记录：支付宝共1秒，交互2次；微信(聊天)共15秒，交互1次,0115d741-4ca4-9bf9-fb39-f4f7081e5d05
2026/01/22 11:38,时间：2026/01/22 11:38周四上午，工作日，城市：成都市，Wifi未连接，应用记录：微信共2秒，交互5次；通话应用(系统)共51秒，交互1次；输入法(系统)共21秒，交互1次；百度地图共1秒，交互1次；支付宝共1秒，交互2次,0115d741-4ca4-9bf9-fb39-f4f7081e5d05
2026/01/22 11:45,时间：2026/01/22 11:45周四上午，工作日，城市：成都市，Wifi未连接，应用记录：微信共2秒，交互7次；滴滴出行共3秒，交互4次；支付宝共1秒，交互2次；通话应用(系统)共51秒，交互1次；输入法(系统)共36秒，交互4次；百度地图共1秒，交互1次,0115d741-4ca4-9bf9-fb39-f4f7081e5d05
2026/01/22 11:54,时间：2026/01/22 11:54周四上午，工作日，城市：成都市，前9分钟从成都市市内低速移动，Wifi未连接，应用记录：微信(聊天)共5秒，交互1次；通话应用(系统)共27秒，交互1次,0115d741-4ca4-9bf9-fb39-f4f7081e5d05
2026/01/22 12:05,时间：2026/01/22 12:05周四下午，工作日，城市：成都市，Wifi未连接，应用记录：微信(聊天)共18秒，交互1次,0115d741-4ca4-9bf9-fb39-f4f7081e5d05
2026/01/22 12:40,时间：2026/01/22 12:40周四下午，工作日，城市：成都市，Wifi未连接，应用记录：通话应用(系统)共49秒，交互1次,0115d741-4ca4-9bf9-fb39-f4f7081e5d05
2026/01/22 12:45,时间：2026/01/22 12:45周四下午，工作日，城市：成都市，前5分钟从成都市市内低速移动，Wifi未连接，应用记录：输入法(系统)共36秒，交互1次；比亚迪(汽车)共20秒，交互1次,0115d741-4ca4-9bf9-fb39-f4f7081e5d05
2026/01/22 12:55,时间：2026/01/22 12:55周四下午，工作日，城市：成都市，Wifi未连接，应用记录：输入法(系统)共45秒，交互3次；比亚迪(汽车)共20秒，交互1次；微信(聊天)共22秒，交互1次,0115d741-4ca4-9bf9-fb39-f4f7081e5d05
2026/01/22 13:05,时间：2026/01/22 13:05周四下午，工作日，城市：成都市，前10分钟从成都市市内低速移动，Wifi未连接，应用记录：微信共2秒，交互4次；比亚迪(汽车)共7秒，交互1次；输入法(系统)共16秒，交互2次,0115d741-4ca4-9bf9-fb39-f4f7081e5d05
2026/01/22 13:16,时间：2026/01/22 13:16周四下午，工作日，城市：成都市，Wifi未连接，应用记录：微信共3秒，交互5次；比亚迪(汽车)共7秒，交互1次；输入法(系统)共54秒，交互3次,0115d741-4ca4-9bf9-fb39-f4f7081e5d05
2026/01/22 13:24,时间：2026/01/22 13:24周四下午，工作日，城市：成都市，Wifi未连接，应用记录：微信(聊天)共28秒，交互2次,0115d741-4ca4-9bf9-fb39-f4f7081e5d05
2026/01/22 13:55,时间：2026/01/22 13:55周四下午，工作日，城市：成都市，前31分钟从成都市市内低速移动，Wifi未连接，应用记录：无,0115d741-4ca4-9bf9-fb39-f4f7081e5d05
2026/01/22 14:02,时间：2026/01/22 14:02周四下午，工作日，城市：成都市，前7分钟从成都市市内高速移动，Wifi未连接，应用记录：通话应用共2秒，交互1次,0115d741-4ca4-9bf9-fb39-f4f7081e5d05
2026/01/22 14:13,时间：2026/01/22 14:13周四下午，工作日，城市：成都市，前10分钟从成都市市内低速移动，Wifi未连接，应用记录：通话应用共2秒，交互1次；微信(聊天)共3秒，交互1次,0115d741-4ca4-9bf9-fb39-f4f7081e5d05
2026/01/22 14:16,时间：2026/01/22 14:16周四下午，工作日，城市：成都市，前3分钟从成都市市内低速移动，Wifi未连接，应用记录：微信(聊天)共14秒，交互2次,0115d741-4ca4-9bf9-fb39-f4f7081e5d05
2026/01/22 14:24,时间：2026/01/22 14:24周四下午，工作日，城市：成都市，Wifi未连接，应用记录：微信共2秒，交互7次；输入法共1秒，交互3次；比亚迪(汽车)共4秒，交互1次,0115d741-4ca4-9bf9-fb39-f4f7081e5d05
2026/01/22 14:29,时间：2026/01/22 14:29周四下午，工作日，城市：成都市，Wifi未连接，应用记录：微信共3秒，交互8次；输入法共1秒，交互3次；比亚迪(汽车)共4秒，交互1次,0115d741-4ca4-9bf9-fb39-f4f7081e5d05
2026/01/22 14:41,时间：2026/01/22 14:41周四下午，工作日，城市：成都市，Wifi未连接，应用记录：无,0115d741-4ca4-9bf9-fb39-f4f7081e5d05
2026/01/22 14:55,时间：2026/01/22 14:55周四下午，工作日，城市：成都市，Wifi未连接，应用记录：微信共1秒，交互4次；手机助手共3秒，交互2次；输入法(系统)共31秒，交互3次,0115d741-4ca4-9bf9-fb39-f4f7081e5d05
2026/01/22 15:08,时间：2026/01/22 15:08周四下午，工作日，城市：成都市，前13分钟从成都市市内低速移动，Wifi未连接，应用记录：微信(聊天)共49秒，交互4次；输入法(系统)共23秒，交互2次；支付宝(支付宝)共17秒，交互1次,0115d741-4ca4-9bf9-fb39-f4f7081e5d05
2026/01/22 15:17,时间：2026/01/22 15:17周四下午，工作日，城市：成都市，POI：地铁站，前9分钟从成都市市内低速移动，Wifi未连接，应用记录：微信(聊天)共56秒，交互6次；输入法(系统)共23秒，交互2次；支付宝(支付宝)共17秒，交互1次；比亚迪(汽车)共6秒，交互1次,0115d741-4ca4-9bf9-fb39-f4f7081e5d05
2026/01/22 15:24,时间：2026/01/22 15:24周四下午，工作日，城市：成都市，前7分钟从成都市市内低速移动，Wifi未连接，应用记录：微信共1秒，交互5次；输入法(系统)共17秒，交互2次；比亚迪(汽车)共10秒，交互1次；手机助手共3秒，交互1次,0115d741-4ca4-9bf9-fb39-f4f7081e5d05
2026/01/22 15:29,时间：2026/01/22 15:29周四下午，工作日，城市：成都市，POI：地铁站，前5分钟从成都市市内高速移动，Wifi未连接，应用记录：支付宝共3秒，交互1次；输入法(系统)共40秒，交互3次；微信共1秒，交互5次；比亚迪(汽车)共10秒，交互1次；手机助手共3秒，交互1次,0115d741-4ca4-9bf9-fb39-f4f7081e5d05
2026/01/22 15:34,时间：2026/01/22 15:34周四下午，工作日，城市：成都市，Wifi未连接，应用记录：微信共2秒，交互7次；输入法(系统)共49秒，交互4次；比亚迪(汽车)共10秒，交互1次；手机助手共3秒，交互1次；支付宝共3秒，交互1次,0115d741-4ca4-9bf9-fb39-f4f7081e5d05
2026/01/22 15:44,时间：2026/01/22 15:44周四下午，工作日，城市：成都市，POI：地铁站，前9分钟从成都市市内高速移动，Wifi未连接，应用记录：微信共2秒，交互1次,0115d741-4ca4-9bf9-fb39-f4f7081e5d05
2026/01/22 15:57,时间：2026/01/22 15:57周四下午，工作日，城市：成都市，POI：地铁站，前13分钟从成都市市内低速移动，Wifi未连接，应用记录：微信共3秒，交互3次；手机助手共1秒，交互1次；比亚迪(汽车)共8秒，交互1次,0115d741-4ca4-9bf9-fb39-f4f7081e5d05
2026/01/22 16:09,时间：2026/01/22 16:09周四下午，工作日，城市：成都市，前12分钟从成都市市内高速移动，Wifi未连接，应用记录：微信(聊天)共36秒，交互1次；支付宝(支付宝)共47秒，交互2次,0115d741-4ca4-9bf9-fb39-f4f7081e5d05
2026/01/22 16:14,时间：2026/01/22 16:14周四下午，工作日，城市：成都市，Wifi未连接，应用记录：滴滴出行共4秒，交互2次；微信(聊天)共36秒，交互1次；支付宝(支付宝)共47秒，交互2次,0115d741-4ca4-9bf9-fb39-f4f7081e5d05
2026/01/22 16:16,时间：2026/01/22 16:16周四下午，工作日，城市：成都市，Wifi未连接，应用记录：微信(聊天)共13秒，交互1次,0115d741-4ca4-9bf9-fb39-f4f7081e5d05
2026/01/22 16:23,时间：2026/01/22 16:23周四下午，工作日，城市：成都市，前7分钟从成都市市内高速移动，Wifi未连接，应用记录：微信(聊天)共13秒，交互1次,0115d741-4ca4-9bf9-fb39-f4f7081e5d05
2026/01/22 16:29,时间：2026/01/22 16:29周四下午，工作日，城市：成都市，前6分钟从成都市市内低速移动，Wifi未连接，应用记录：微信(聊天)共35秒，交互3次；输入法(系统)共7秒，交互1次,0115d741-4ca4-9bf9-fb39-f4f7081e5d05




